<?xml version="1.0" encoding="UTF-8"?>
<!DOCTYPE suite SYSTEM "https://testng.org/testng-1.0.dtd">
<suite name="Suite">
  <test thread-count="5" name="Test1">
    <classes>
      <class name="eshop.Home"/>
      <class name="eshop.Payment"/>
      <class name="eshop.Cart"/>
    </classes>
  </test> <!-- Test -->
  
  <test thread-count="5" name="Test2">
    <classes>
      <class name="eshop.Home"/>
      <class name="eshop.Payment"/>
      <class name="eshop.Cart"/>
    </classes>
  </test>
</suite> <!-- Suite -->
