<?xml version="1.0" encoding="UTF-8"?>
<!DOCTYPE suite SYSTEM "https://testng.org/testng-1.0.dtd">
<suite name="Suite">
  <test thread-count="5" name="Test">
    <classes>
      <class name="eshop.Home">
      <methods>
      <include name="login"></include>
      </methods>
      </class>
      <class name="eshop.Payment">
      <methods>
      <exclude name="cod"></exclude>
      </methods>
      </class>
      <class name="eshop.Cart"/>
    </classes>
  </test> <!-- Test -->
</suite> <!-- Suite -->
